,Bus 1,Bus 2
0,0.99819091022182,0.9990606354323208
