,Bus 1,Bus 2
0,-0.01669764871377989,-0.008341265457656975
