,Line 01,Line 12,Line 20
0,1.1151422463431118,-9.13105682618329e-14,-0.2787855615841127
