,Line 01,Line 12,Line 20
0,66.77818089130051,-33.33333333333273,-33.361211889491905
