,Line 01,Line 12,Line 20
0,-66.66666666666599,33.36121188949136,33.38909044565054
