,Line 01,Line 12,Line 20
0,2.0960117062303565e-12,0.27878556158638895,0.557571123170419
